filename,domain,dct_bands,phash
aamco-councilbluffs_com.png,aamco-councilbluffs.com,[ 5.84987500e+03 -5.19766617e+00 -1.37487450e+01 ...  4.27246094e-03
  6.63248682e-03  1.77490234e-01]
aamco-newbraunfels_com.png,aamco-newbraunfels.com,[ 5.84987500e+03 -5.19766617e+00 -1.37487450e+01 ...  4.27246094e-03
  6.63248682e-03  1.77490234e-01]
aamco-omahasouth_com.png,aamco-omahasouth.com,[ 5.84987500e+03 -5.19766617e+00 -1.37487450e+01 ...  4.27246094e-03
  6.63248682e-03  1.77490234e-01]
aamcoconwaysc_com.png,aamcoconwaysc.com,[ 5.84987500e+03 -5.19766617e+00 -1.37487450e+01 ...  4.27246094e-03
  6.63248682e-03  1.77490234e-01]
aamcoindependencemo_com.webp,aamcoindependencemo.com,[ 5.08196875e+03 -1.15523643e+01  3.31585121e+01 ...  6.65283203e-03
  8.07698537e-03  1.35172531e-01]
aamcoseguin_com.png,aamcoseguin.com,[ 5.84987500e+03 -5.19766617e+00 -1.37487450e+01 ...  4.27246094e-03
  6.63248682e-03  1.77490234e-01]
aamcowintervillenc_com.png,aamcowintervillenc.com,[ 5.84987500e+03 -5.19766617e+00 -1.37487450e+01 ...  4.27246094e-03
  6.63248682e-03  1.77490234e-01]
actemium_ch.png,actemium.ch,[6.83587451e+03 1.61910324e+02 5.80129639e+02 ... 3.13313794e-03
 2.09554029e-03 1.98750809e-01]
actemium_com.png,actemium.com,[6.83587451e+03 1.61910324e+02 5.80129639e+02 ... 3.13313794e-03
 2.09554029e-03 1.98750809e-01]
actemium_pt.png,actemium.pt,[6.83587451e+03 1.61910324e+02 5.80129639e+02 ... 3.13313794e-03
 2.09554029e-03 1.98750809e-01]
adecco_cl.png,adecco.cl,[6.20721875e+03 1.19879372e+02 8.79295654e+02 ... 5.26936864e-03
 7.44628906e-03 1.79117844e-01]
adecco_com_sg.png,adecco.com.sg,[ 3.88284351e+03 -7.52864075e+01 -7.06296265e+02 ...  3.92659521e-03
  6.59179688e-03  1.45670576e-02]
adecco_co_th.ico,adecco.co.th,[ 4.08537451e+03 -7.16801300e+01 -7.37752441e+02 ...  6.18489599e-03
  8.68733693e-03  1.23697920e-02]
adlatus-nordwestschweiz_ch.png,adlatus-nordwestschweiz.ch,[5.06412500e+03 1.93169617e+02 4.61721252e+02 ... 1.60725915e-03
 1.81070960e-03 1.67521164e-01]
adra_org_pe.png,adra.org.pe,[ 6.55896826e+03 -2.13687181e-01  4.60493469e+02 ...  1.54622400e-03
  4.33349609e-03  2.21659347e-01]
affidea_ba.png,affidea.ba,[ 5.65321826e+03 -1.30510330e+02  9.84598999e+02 ...  6.32731104e-03
  6.63248682e-03  1.30798340e-01]
affidea_pt.png,affidea.pt,[ 5.65321826e+03 -1.30510330e+02  9.84598999e+02 ...  6.32731104e-03
  6.63248682e-03  1.30798340e-01]
africell_ao.png,africell.ao,[ 4.59628125e+03  1.00207329e+02 -6.92709839e+02 ...  4.15039062e-03
  6.16455078e-03  8.43302384e-02]
airbnb_rs.png,airbnb.rs,[ 5.00465625e+03 -8.06572914e-01 -3.29715393e+02 ...  2.70589185e-03
  3.92659521e-03  3.01106777e-02]
algeco_sk.ico,algeco.sk,[ 5.72859326e+03 -4.71774750e+01  1.28613501e+03 ...  5.26936864e-03
  6.71386719e-03  1.70939133e-01]
algordanza_com_au.png,algordanza.com.au,[ 7.23484375e+03 -1.28452539e+01  4.30416962e+02 ...  6.97835302e-03
  2.10367832e-02  2.14904785e-01]
allianz-kuhlemann_de.png,allianz-kuhlemann.de,[ 5.02515576e+03 -1.06425362e+01  6.26231323e+02 ...  9.66389943e-03
  1.03963213e-02  1.24165855e-01]
allianz-rose_info.png,allianz-rose.info,[ 5.02515576e+03 -1.06425362e+01  6.26231323e+02 ...  9.66389943e-03
  1.03963213e-02  1.24165855e-01]
allianz_nl.png,allianz.nl,[ 4.96246826e+03 -2.63850174e+01  6.41245300e+02 ...  4.45556641e-03
  3.58072924e-03  1.60257980e-01]
amnesty_id.png,amnesty.id,[6.75828076e+03 4.23857594e+00 5.73557495e+02 ... 0.00000000e+00
 0.00000000e+00 0.00000000e+00]
amnesty_is.png,amnesty.is,[6778.4375       17.78944206  682.65563965 ...    0.            0.
    0.        ]
aonsolutions_com_cy.png,aonsolutions.com.cy,[7.19846826e+03 1.71060829e+01 4.02411255e+02 ... 2.56347656e-03
 3.05175781e-03 2.62756348e-01]
astrazeneca_hu.ico,astrazeneca.hu,[7.31518652e+03 8.01403580e+01 6.05715515e+02 ... 2.78727221e-03
 3.39762378e-03 2.01721191e-01]
astrazeneca_ua.ico,astrazeneca.ua,[7.31518652e+03 8.01403580e+01 6.05715515e+02 ... 2.78727221e-03
 3.39762378e-03 2.01721191e-01]
atalian_hu.ico,atalian.hu,[ 7.00606201e+03 -1.90551849e+02  5.46080383e+02 ...  3.72314453e-03
  5.43212891e-03  1.97937012e-01]
atalian_pl.ico,atalian.pl,[ 7.00606201e+03 -1.90551849e+02  5.46080383e+02 ...  3.72314453e-03
  5.43212891e-03  1.97937012e-01]
autosecuritas-barlin_fr.png,autosecuritas-barlin.fr,[7.51943701e+03 2.19090836e+02 5.65136719e+02 ... 4.27246094e-04
 1.74967444e-03 2.92215973e-01]
autosecuritas-ct-notre-dame-doe_fr.png,autosecuritas-ct-notre-dame-doe.fr,[7.51943701e+03 2.19090836e+02 5.65136719e+02 ... 4.27246094e-04
 1.74967444e-03 2.92215973e-01]
autosecuritas-ct-seysses_fr.png,autosecuritas-ct-seysses.fr,[7.51943701e+03 2.19090836e+02 5.65136719e+02 ... 4.27246094e-04
 1.74967444e-03 2.92215973e-01]
avia-belgomine_be.png,avia-belgomine.be,[4.51062500e+03 3.36126938e+01 6.83871231e+01 ... 7.56835938e-03
 2.72623706e-03 9.74934921e-02]
avia_ch.png,avia.ch,[6.58893701e+03 1.06138039e+01 5.82937988e+02 ... 1.93277991e-03
 7.03938818e-03 2.11669922e-01]
axabreakdown_co_uk.ico,axabreakdown.co.uk,[7.16125000e+03 1.37200022e+01 2.86024109e+02 ... 4.55729151e-03
 6.49007177e-03 2.27335617e-01]
azets_ie.ico,azets.ie,[ 7.32440674e+03 -1.38076202e+02  1.87611633e+02 ...  3.43831372e-03
  3.98763036e-03  2.44384766e-01]
bakertilly_bg.png,bakertilly.bg,[4.61178076e+03 2.24588287e+02 9.97769653e+02 ... 9.35872376e-04
 1.77001953e-03 1.41296387e-01]
bakertilly_ci.png,bakertilly.ci,[5.92437451e+03 1.27354118e+02 1.19151685e+03 ... 1.52587891e-03
 1.62760413e-03 2.04833984e-01]
bakertilly_dk.png,bakertilly.dk,[5.92437451e+03 1.27354118e+02 1.19151685e+03 ... 1.52587891e-03
 1.62760413e-03 2.04833984e-01]
bakertilly_es.png,bakertilly.es,[5.92437451e+03 1.27354118e+02 1.19151685e+03 ... 1.52587891e-03
 1.62760413e-03 2.04833984e-01]
bakertilly_ke.png,bakertilly.ke,[8.15999951e+03 0.00000000e+00 0.00000000e+00 ... 0.00000000e+00
 0.00000000e+00 3.33333343e-01]
bakertilly_ky.png,bakertilly.ky,[5.92437451e+03 1.27354118e+02 1.19151685e+03 ... 1.52587891e-03
 1.62760413e-03 2.04833984e-01]
bakertilly_lu.png,bakertilly.lu,[5.92437451e+03 1.27354118e+02 1.19151685e+03 ... 1.52587891e-03
 1.62760413e-03 2.04833984e-01]
bakertilly_lv.png,bakertilly.lv,[5.92437451e+03 1.27354118e+02 1.19151685e+03 ... 1.52587891e-03
 1.62760413e-03 2.04833984e-01]
bakertilly_sg.png,bakertilly.sg,[5.92437451e+03 1.27354118e+02 1.19151685e+03 ... 1.52587891e-03
 1.62760413e-03 2.04833984e-01]
bakertilly_sl.png,bakertilly.sl,[5.92437451e+03 1.27354118e+02 1.19151685e+03 ... 1.52587891e-03
 1.62760413e-03 2.04833984e-01]
bauder_at.png,bauder.at,[5.97128125e+03 2.79581757e+01 1.07745102e+02 ... 6.57145167e-03
 7.46663427e-03 8.07495117e-02]
bauder_lt.png,bauder.lt,[5.97128125e+03 2.79581757e+01 1.07745102e+02 ... 6.57145167e-03
 7.46663427e-03 8.07495117e-02]
baywa-re_es.ico,baywa-re.es,[4.26806250e+03 6.26723511e+02 7.70411438e+02 ... 8.34147155e-04
 3.66210938e-04 2.99682617e-02]
baywa-re_vn.ico,baywa-re.vn,[4.26806250e+03 6.26723511e+02 7.70411438e+02 ... 8.34147155e-04
 3.66210938e-04 2.99682617e-02]
bbraun_ae.ico,bbraun.ae,[ 6.06093652e+03 -9.83012695e+01  4.91842987e+02 ...  5.28971339e-03
  9.90804005e-03  1.23413086e-01]
bbraun_ca.ico,bbraun.ca,[ 6.06093652e+03 -9.83012695e+01  4.91842987e+02 ...  5.28971339e-03
  9.90804005e-03  1.23413086e-01]
bbraun_ph.ico,bbraun.ph,[ 6.06093652e+03 -9.83012695e+01  4.91842987e+02 ...  5.28971339e-03
  9.90804005e-03  1.23413086e-01]
bbraun_rs.ico,bbraun.rs,[ 6.06093652e+03 -9.83012695e+01  4.91842987e+02 ...  5.28971339e-03
  9.90804005e-03  1.23413086e-01]
benu_ee.ico,benu.ee,[ 6.05678125e+03 -3.52842407e+01  5.55859863e+02 ...  3.09244799e-03
  2.15657544e-03  1.27176926e-01]
berlitz-augsburg_de.png,berlitz-augsburg.de,[ 3.83721851e+03 -5.91304565e+02  8.99769287e+02 ...  2.25240067e-01
  2.69571934e-02  8.11360702e-02]
berlitz-dublin_ie.jpg,berlitz-dublin.ie,[ 4.27496875e+03  3.54627533e+01 -8.91016617e+01 ...  1.22477217e-02
  2.12198887e-02  1.81477871e-02]
berlitzph_com.ico,berlitzph.com,[ 3.79918726e+03 -5.84494019e+02  9.08325195e+02 ...  2.16084793e-01
  2.45157871e-02  6.65893555e-02]
besins-healthcare_se.png,besins-healthcare.se,[ 4.11171875e+03 -1.71309647e+02  9.49439545e+01 ...  7.83284474e-03
  2.09960938e-02  3.06193028e-02]
bioderma-sk_com.ico,bioderma-sk.com,[ 6.81196826e+03 -1.08697319e+02  1.20311462e+03 ...  2.42106128e-03
  3.01106763e-03  2.52034515e-01]
bioderma_co_za.ico,bioderma.co.za,[ 6.81196826e+03 -1.08697319e+02  1.20311462e+03 ...  2.42106128e-03
  3.01106763e-03  2.52034515e-01]
bioderma_it.ico,bioderma.it,[ 6.81196826e+03 -1.08697319e+02  1.20311462e+03 ...  2.42106128e-03
  3.01106763e-03  2.52034515e-01]
bmw-motorrad-euromotos-lyon_fr.ico,bmw-motorrad-euromotos-lyon.fr,[ 6.15849951e+03 -9.40105629e+00  5.36010376e+02 ...  8.23974609e-03
  8.03629588e-03  1.82902023e-01]
bonprix_nl.ico,bonprix.nl,[ 6.43190625e+03 -6.42931442e+01  2.47256409e+02 ...  5.37109375e-03
  6.53076172e-03  2.11018875e-01]
bosch-industry-consulting_com.ico,bosch-industry-consulting.com,[ 6.58696826e+03  1.73103309e+00 -6.77533188e+01 ...  8.32112599e-03
  7.58870458e-03  1.82128906e-01]
brother_com_pe.svg,brother.com.pe,[8.15999951e+03 0.00000000e+00 0.00000000e+00 ... 0.00000000e+00
 0.00000000e+00 3.33333343e-01]
carglass_cz.png,carglass.cz,[ 5.61268701e+03 -1.45768335e+03  2.60513246e-01 ...  1.11897790e-03
  0.00000000e+00  1.62780762e-01]
carglass_gr.ico,carglass.gr,[6.24587500e+03 9.51379395e+01 5.05517670e+02 ... 6.10351562e-04
 4.78108739e-03 2.06339523e-01]
carglass_hu.ico,carglass.hu,[ 6.51493652e+03 -7.82536499e+02  3.63608521e+02 ...  8.34147155e-04
  1.93277991e-03  2.30875656e-01]
carglass_rs.png,carglass.rs,[7.84531250e+03 1.07440582e+02 1.81570236e+02 ... 1.44449866e-03
 5.49316406e-04 2.98421234e-01]
carlsjr_com_sg.png,carlsjr.com.sg,[7.46928125e+03 6.21070938e+01 5.34586853e+02 ... 2.92968750e-03
 4.41487646e-03 2.18159989e-01]
caspak_co_nz.ico,caspak.co.nz,[ 6.01621924e+03 -3.05410810e-02  2.98706360e+02 ...  9.09423828e-03
  9.23665334e-03  1.45446777e-01]
cdlbarreiras_com_br.jpg,cdlbarreiras.com.br,[5.12331250e+03 3.78965881e+02 1.09812842e+03 ... 1.42415368e-03
 6.91731786e-03 1.34073898e-01]
cdu-aldenhoven_de.png,cdu-aldenhoven.de,[ 7.29784326e+03 -8.57809296e+01  4.81733765e+02 ...  1.62760422e-04
  2.64485687e-04  2.64526367e-01]
cdviberica_com.png,cdviberica.com,[5.51215576e+03 1.26980022e-01 3.81658600e+02 ... 1.56656897e-03
 2.78727221e-03 1.82312012e-01]
chip_pl.png,chip.pl,[ 4.62518750e+03  3.26125702e+02 -5.23324219e+02 ...  1.85139978e-03
  3.39762378e-03  9.88159180e-02]
compo_de.png,compo.de,[5.22893701e+03 5.85729828e+01 1.26557983e+03 ... 8.13802108e-05
 0.00000000e+00 5.20833321e-02]
crif_pl.ico,crif.pl,[7.66312451e+03 2.66192932e+02 1.34178772e+02 ... 2.88899732e-03
 3.98763036e-03 2.59724945e-01]
crocssa_co_za.png,crocssa.co.za,[ 5.21775000e+03  3.54704201e-01 -2.99578339e+02 ...  2.76692701e-03
  3.68245435e-03  4.21142578e-02]
crocs_ch.png,crocs.ch,[ 5.22287500e+03  5.86908770e+00 -2.99013306e+02 ...  5.08626283e-04
  6.71386719e-04  5.91227226e-02]
crocs_co_id.png,crocs.co.id,[ 5.37662500e+03  2.16222878e+01 -2.45690125e+02 ...  5.90006530e-04
  5.69661439e-04  3.40779610e-02]
culliganheartland_com.ico,culliganheartland.com,[4.89543750e+03 2.59206123e+01 5.25687927e+02 ... 0.00000000e+00
 0.00000000e+00 3.33333343e-01]
culliganquadcities_com.ico,culliganquadcities.com,[4.89543750e+03 2.59206123e+01 5.25687927e+02 ... 0.00000000e+00
 0.00000000e+00 3.33333343e-01]
culligansiouxcity_com.ico,culligansiouxcity.com,[4.89543750e+03 2.59206123e+01 5.25687927e+02 ... 0.00000000e+00
 0.00000000e+00 3.33333343e-01]
culligantotalwater_com.ico,culligantotalwater.com,[4.89543750e+03 2.59206123e+01 5.25687927e+02 ... 0.00000000e+00
 0.00000000e+00 3.33333343e-01]
culligantulsa_com.ico,culligantulsa.com,[4.89543750e+03 2.59206123e+01 5.25687927e+02 ... 0.00000000e+00
 0.00000000e+00 3.33333343e-01]
culliganwatertreatment_com.ico,culliganwatertreatment.com,[4.89543750e+03 2.59206123e+01 5.25687927e+02 ... 0.00000000e+00
 0.00000000e+00 3.33333343e-01]
culliganwi_com.ico,culliganwi.com,[4.89543750e+03 2.59206123e+01 5.25687927e+02 ... 0.00000000e+00
 0.00000000e+00 3.33333343e-01]
cvjm-hemer_de.png,cvjm-hemer.de,[ 5.02412500e+03 -3.81171570e+01  7.40723022e+02 ...  5.35074854e-03
  3.07210279e-03  1.21948242e-01]
cvjm-muensingen_de.jpg,cvjm-muensingen.de,[6.02774951e+03 4.73562012e+02 6.14631226e+02 ... 3.47900391e-03
 3.68245435e-03 7.91422501e-02]
cvjm-pfalz_de.ico,cvjm-pfalz.de,[5.21331250e+03 9.88218307e+01 6.75914734e+02 ... 5.69661474e-03
 5.77799464e-03 1.31469727e-01]
daikin-ksa_com.png,daikin-ksa.com,[ 6.80559326e+03 -8.98629089e+02  1.19419876e+02 ...  1.62760422e-04
  8.34350586e-02  2.19909668e-01]
daikincareers_com.ico,daikincareers.com,[ 6.24056250e+03 -1.36739783e+03 -2.74254669e+02 ...  8.96809921e-02
  1.74764004e-02  1.76289871e-01]
daikinkuwait_com.png,daikinkuwait.com,[ 6.80559326e+03 -8.98629089e+02  1.19419876e+02 ...  1.62760422e-04
  8.34350586e-02  2.19909668e-01]
daikintexastechnologypark_com.png,daikintexastechnologypark.com,[ 6.18406250e+03 -1.48875378e+03 -3.19688110e+02 ...  1.34277344e-03
  9.88973007e-02  1.88069656e-01]
daikin_com_sg.png,daikin.com.sg,[ 6.51937549e+03 -1.02187531e+03 -4.33841438e+01 ...  2.50244141e-03
  8.56526718e-02  1.89229324e-01]
daikin_com_vn.ico,daikin.com.vn,[ 6.24525000e+03 -1.36269946e+03 -2.70661224e+02 ...  8.56119767e-02
  1.75374355e-02  1.74987793e-01]
daikin_ge.png,daikin.ge,[ 6.80559326e+03 -8.98629089e+02  1.19419876e+02 ...  1.62760422e-04
  8.34350586e-02  2.19909668e-01]
deheus_com_vn.png,deheus.com.vn,[ 6.52837451e+03 -4.06717926e+02  7.62666687e+02 ...  1.77001953e-03
  2.84830737e-03  2.01314285e-01]
demeter-bw_de.ico,demeter-bw.de,[ 6.77243750e+03 -5.11925411e+00  7.79009033e+02 ...  4.27246094e-03
  5.26936864e-03  1.65812179e-01]
demetercs_eu.png,demetercs.eu,[ 6.51290625e+03 -8.28324814e+01 -7.10292101e+00 ...  9.76562500e-04
  1.32242835e-03  1.89941406e-01]
despec_eu.svg,despec.eu,[8.15999951e+03 0.00000000e+00 0.00000000e+00 ... 0.00000000e+00
 0.00000000e+00 3.33333343e-01]
dulux_pl.png,dulux.pl,[1.81362488e+03 2.02647980e+02 1.25633812e+01 ... 3.45865876e-04
 3.45865876e-04 1.38346350e-03]
dysartsservicecenter_com.jpg,dysartsservicecenter.com,[3399.28125     -53.68548584 -367.300354   ...    0.            0.
    0.        ]
ebayglobalshipping_com.ico,ebayglobalshipping.com,[ 3.52481250e+03 -3.73200317e+02  2.37300217e+02 ...  2.31933594e-03
  3.86555982e-03  4.99674492e-02]
ebay_cn.ico,ebay.cn,[ 5.33300000e+03 -5.44161743e+02  6.86216431e+02 ...  3.03141284e-03
  6.42903661e-03  6.65893555e-02]
ecslupsk_pl.png,ecslupsk.pl,[ 6.78290576e+03 -3.08561230e+01  3.97057983e+02 ...  3.29589844e-03
  3.15348315e-03  2.27132156e-01]
edenred_es.png,edenred.es,[5.34843701e+03 1.06394397e+03 1.11425195e+03 ... 3.56038404e-03
 5.10660792e-03 1.07421875e-01]
einhell_ba.png,einhell.ba,[ 3.40309351e+03  1.16501381e+02 -9.62728760e+02 ...  8.34147155e-04
  4.61832667e-03  3.82283516e-02]
einhell_com_ar.png,einhell.com.ar,[ 3.40309351e+03  1.16501381e+02 -9.62728760e+02 ...  8.34147155e-04
  4.61832667e-03  3.82283516e-02]
einhell_hr.png,einhell.hr,[ 3.40309351e+03  1.16501381e+02 -9.62728760e+02 ...  8.34147155e-04
  4.61832667e-03  3.82283516e-02]
engie-africa_com.png,engie-africa.com,[ 6.09874951e+03 -2.87717667e+01  1.82784149e+02 ...  5.59488917e-03
  5.51350927e-03  1.73258469e-01]
engie_cl.png,engie.cl,[7.59609375e+03 1.97639513e+00 9.37301331e+01 ... 2.01416016e-02
 3.24503593e-02 2.72318512e-01]
engie_co_uk.png,engie.co.uk,[ 7.16212500e+03 -2.76632595e+01  5.99950378e+02 ...  0.00000000e+00
  0.00000000e+00  3.33333343e-01]
engie_de.png,engie.de,[ 7.38296826e+03 -9.74782658e+00  5.98596680e+02 ...  4.02221680e-02
  2.37630215e-02  2.69348145e-01]
equans_hu.png,equans.hu,[ 7.44631201e+03 -1.05802811e+02  5.29949341e+02 ...  5.79833984e-03
  7.50732422e-03  2.43265793e-01]
esseskincare_sg.png,esseskincare.sg,[ 7.70962500e+03 -7.07450342e+00 -5.57174149e+01 ...  3.09244799e-03
  4.59798193e-03  2.81941742e-01]
europa-union-sachsen-anhalt_de.ico,europa-union-sachsen-anhalt.de,[ 5.80115625e+03 -3.78670715e+02  9.28152832e+02 ...  3.05175781e-03
  3.49934888e-03  1.68660477e-01]
flashbay_ca.ico,flashbay.ca,[ 6.18493701e+03 -1.09670534e+01  3.38387085e+02 ...  4.82177734e-03
  6.12386083e-03  1.83797196e-01]
flashbay_com_my.ico,flashbay.com.my,[ 6.18493701e+03 -1.09670534e+01  3.38387085e+02 ...  4.82177734e-03
  6.12386083e-03  1.83797196e-01]
flashbay_co_nz.ico,flashbay.co.nz,[ 6.18493701e+03 -1.09670534e+01  3.38387085e+02 ...  4.82177734e-03
  6.12386083e-03  1.83797196e-01]
fleishmanhillard_cn.png,fleishmanhillard.cn,[ 6.63021826e+03  3.34562836e+02 -6.34530212e+02 ...  1.79036465e-02
  4.92350245e-03  2.09248856e-01]
fleishmanhillard_ph.png,fleishmanhillard.ph,[ 6.63021826e+03  3.34562836e+02 -6.34530212e+02 ...  1.79036465e-02
  4.92350245e-03  2.09248856e-01]
fmc-mexico_com.ico,fmc-mexico.com,[ 6.66109375e+03 -3.84135132e+01  7.39808716e+02 ...  6.89697266e-03
  9.29768849e-03  2.23714188e-01]
ford_dn_ua.ico,ford.dn.ua,[ 4.27743750e+03  2.37038956e+02 -2.87792084e+02 ...  1.75984707e-02
  1.67846680e-02  2.41902675e-02]
ford_if_ua.svg,ford.if.ua,[ 6.68175000e+03 -1.52360565e+02  4.84921265e+02 ...  3.96728516e-03
  5.45247411e-03  2.42390946e-01]
ford_pl_ua.svg,ford.pl.ua,[ 6.68175000e+03 -1.52360565e+02  4.84921265e+02 ...  3.96728516e-03
  5.45247411e-03  2.42390946e-01]
ford_vn_ua.svg,ford.vn.ua,[ 6.68175000e+03 -1.52360565e+02  4.84921265e+02 ...  3.96728516e-03
  5.45247411e-03  2.42390946e-01]
freseniusmedicalcare_ca.png,freseniusmedicalcare.ca,[ 6.98693701e+03 -6.30450487e-01  7.20318237e+02 ...  3.03141284e-03
  4.65901708e-03  2.59399414e-01]
globalconnectcarrier_com.png,globalconnectcarrier.com,[ 3.99112500e+03 -1.16546192e+01  4.11511780e+02 ...  5.61523438e-03
  8.21940135e-03  1.11328125e-01]
globalconnectgroup_com.png,globalconnectgroup.com,[ 3.96178101e+03 -9.60701656e+00  4.13070374e+02 ...  1.44449866e-03
  2.56347656e-03  1.44368485e-01]
grantthornton_com_sv.png,grantthornton.com.sv,[5.55206201e+03 1.49536247e+01 8.88234009e+02 ... 3.23486328e-03
 4.74039698e-03 1.31164551e-01]
grantthornton_com_ve.png,grantthornton.com.ve,[5.55206201e+03 1.49536247e+01 8.88234009e+02 ... 3.23486328e-03
 4.74039698e-03 1.31164551e-01]
greatplacetowork_com_bo.png,greatplacetowork.com.bo,[ 3.27962476e+03  5.28224487e+02 -2.89518188e+02 ...  3.25520843e-04
  6.10351562e-05  4.06901054e-05]
greatplacetowork_com_cy.png,greatplacetowork.com.cy,[ 7.74068750e+03 -5.65835724e+01  3.41154909e+00 ...  1.45263672e-02
  7.52360001e-02  1.99483231e-01]
greatplacetowork_se.png,greatplacetowork.se,[ 3.86971851e+03  4.27700195e+02 -2.66638367e+02 ...  3.01106763e-03
  2.62451172e-03  2.86865234e-03]
honda-pirola_com.ico,honda-pirola.com,[6.39081250e+03 1.16727705e+01 1.69078735e+02 ... 4.13004542e-03
 2.17692065e-03 2.09696457e-01]
hyundaiblacktown_com_au.png,hyundaiblacktown.com.au,[ 6.57259326e+03 -2.02755022e+00  4.31721588e+02 ...  4.31315089e-03
  5.94075536e-03  2.25748703e-01]
ibc-solar_jp.png,ibc-solar.jp,[ 7.37868652e+03 -1.07312103e+02  3.95510010e+02 ...  1.72932947e-03
  2.54313159e-03  2.64221191e-01]
ibc-solar_pl.png,ibc-solar.pl,[ 7.37868652e+03 -1.07312103e+02  3.95510010e+02 ...  1.72932947e-03
  2.54313159e-03  2.64221191e-01]
ikea_com_hk.png,ikea.com.hk,[ 6.24471826e+03  4.96912289e+00 -2.11774612e+02 ...  3.90625000e-03
  5.20833349e-03  1.71875000e-01]
ikea_com_tr.ico,ikea.com.tr,[ 6.39162500e+03 -8.14685249e+00 -2.20709503e+02 ...  0.00000000e+00
  5.20833349e-03  1.87500000e-01]
ikea_ee.ico,ikea.ee,[ 6.55521826e+03  6.73316669e+00 -2.48447998e+02 ...  0.00000000e+00
  0.00000000e+00  1.97916672e-01]
ikea_es.ico,ikea.es,[ 6.51790576e+03  6.18526220e+00 -2.50934082e+02 ...  5.20833349e-03
  0.00000000e+00  1.87500000e-01]
immunospot_eu.png,immunospot.eu,[ 6.57918701e+03 -1.45771973e+02  2.65593811e+02 ...  5.35074854e-03
  6.89697266e-03  2.01761886e-01]
inductothermgroup_com_br.png,inductothermgroup.com.br,[ 7.34068652e+03 -3.12214565e+00  9.70889771e+02 ...  4.25211573e-03
  5.14729833e-03  2.31689453e-01]
inductotherm_co_kr.png,inductotherm.co.kr,[ 7.34068652e+03 -3.12214565e+00  9.70889771e+02 ...  4.25211573e-03
  5.14729833e-03  2.31689453e-01]
infiniti-abudhabi_com.png,infiniti-abudhabi.com,[ 7.19371826e+03 -1.32464540e+00 -1.11249924e+02 ...  8.87044240e-03
  1.13728838e-02  2.16613770e-01]
infiniti-bahrain_com.png,infiniti-bahrain.com,[ 7.19371826e+03 -1.32464540e+00 -1.11249924e+02 ...  8.87044240e-03
  1.13728838e-02  2.16613770e-01]
infiniti-dubai_com.png,infiniti-dubai.com,[ 7.19371826e+03 -1.32464540e+00 -1.11249924e+02 ...  8.87044240e-03
  1.13728838e-02  2.16613770e-01]
intersport-arc1950_com.png,intersport-arc1950.com,[ 6.73675000e+03 -1.93868980e+01  8.10513184e+02 ...  1.48518884e-03
  3.21451831e-03  2.41292313e-01]
intersport-martinique-guadeloupe_fr.png,intersport-martinique-guadeloupe.fr,[6.90018701e+03 8.25905762e+02 4.51092072e+02 ... 1.24104822e-03
 1.68863928e-03 2.57100433e-01]
intertongn_es.jpg,intertongn.es,[6.17784424e+03 6.86311722e-02 8.26616577e+02 ... 0.00000000e+00
 0.00000000e+00 0.00000000e+00]
isic_de.png,isic.de,[5.91500000e+03 9.98550892e+00 4.60624451e+02 ... 9.54182912e-03
 1.06608076e-02 8.00577775e-02]
isover_hu.png,isover.hu,[6.90262500e+03 6.35539368e+02 5.77194641e+02 ... 3.41796875e-03
 5.39143896e-03 1.98750809e-01]
isover_se.png,isover.se,[6.90262500e+03 6.35539368e+02 5.77194641e+02 ... 3.41796875e-03
 5.39143896e-03 1.98750809e-01]
isover_ua.png,isover.ua,[6.90262500e+03 6.35539368e+02 5.77194641e+02 ... 3.41796875e-03
 5.39143896e-03 1.98750809e-01]
julis-nuernberg_de.png,julis-nuernberg.de,[ 4.40065625e+03 -9.31637764e+00 -4.33616943e+02 ...  4.19108057e-03
  0.00000000e+00  0.00000000e+00]
julis-sh_de.png,julis-sh.de,[6.26115625e+03 2.38112688e+00 5.93470093e+02 ... 2.03450516e-04
 8.13802108e-05 2.84830737e-03]
jungheinrich_com_sg.ico,jungheinrich.com.sg,[5.79593750e+03 7.59738922e+01 2.15637549e+03 ... 2.25830078e-03
 3.94693995e-03 2.01436356e-01]
kalyanmachines_com.png,kalyanmachines.com,[ 6.46259424e+03 -4.06724892e+01  1.23806946e+03 ...  1.01969399e-01
  2.07722988e-02  9.54793319e-02]
kapanfastigheter_se.png,kapanfastigheter.se,[ 6.30056152e+03 -1.49282023e-01  4.72975616e+02 ...  3.76383471e-03
  1.85139978e-03  1.52750656e-01]
kia-ci_com.jpg,kia-ci.com,[ 7.31743799e+03 -2.74463501e+01  4.86352158e+00 ...  3.13313794e-03
  8.52457713e-03  2.66377777e-01]
kia-crimea_ru.png,kia-crimea.ru,[ 7.51499951e+03 -1.70925713e+01  5.12553673e+01 ...  3.74348951e-03
  4.25211573e-03  2.68839508e-01]
kia-plt_ru.png,kia-plt.ru,[ 7.51499951e+03 -1.70925713e+01  5.12553673e+01 ...  3.74348951e-03
  4.25211573e-03  2.68839508e-01]
kierpensions_co_uk.png,kierpensions.co.uk,[ 5.41128076e+03 -1.00331921e+03  4.26948944e+02 ...  7.36490870e-03
  7.08007812e-03  1.12874351e-01]
kumonla_com.ico,kumonla.com,[ 4.64225000e+03 -4.34550171e+02  6.73794434e+02 ...  1.34745285e-01
  5.52368164e-02  9.05354787e-03]
kuraray_us_com.png,kuraray.us.com,[ 7.47193701e+03 -2.24112396e+02  4.36089935e+02 ...  0.00000000e+00
  7.09838867e-02  2.62349457e-01]
lamborghini-zh_ch.png,lamborghini-zh.ch,[ 5.95421875e+03 -1.08959000e+02  1.49498987e+03 ...  4.74039698e-03
  6.42903661e-03  1.92260742e-01]
linde-electronics_com.png,linde-electronics.com,[ 2.69046851e+03 -2.18233551e+02 -2.24741287e+02 ...  3.23486328e-03
  2.84830737e-03  1.17797852e-02]
linde-finance_com.png,linde-finance.com,[ 2.69028101e+03 -2.41945381e+01 -2.19635590e+02 ...  2.54313159e-03
  2.56347656e-03  2.06298828e-02]
linde-gas_at.png,linde-gas.at,[ 2.69046851e+03 -2.18233551e+02 -2.24741287e+02 ...  3.23486328e-03
  2.84830737e-03  1.17797852e-02]
linde-gas_ee.png,linde-gas.ee,[ 2.75115625e+03 -2.17393829e+02 -2.17764923e+02 ...  2.36002612e-03
  1.93277991e-03  1.50960283e-02]
linde-gas_fi.png,linde-gas.fi,[ 2.75115625e+03 -2.17393829e+02 -2.17764923e+02 ...  2.36002612e-03
  1.93277991e-03  1.50960283e-02]
linde-gas_nl.png,linde-gas.nl,[5.24353076e+03 3.17739067e+01 1.23737439e+03 ... 5.06591797e-03
 5.87972021e-03 1.42272949e-01]
linde-gaz_pl.png,linde-gaz.pl,[ 2.71615625e+03 -2.39587677e+02 -2.40021515e+02 ...  3.17382812e-03
  3.56038404e-03  1.26953125e-02]
lindesaude_pt.ico,lindesaude.pt,[ 2.73478125e+03 -2.86923733e+01 -2.27225266e+02 ...  2.97037768e-03
  5.35074854e-03  1.64184570e-02]
linde_co_th.jpg,linde.co.th,[ 2.63284375e+03 -2.09594818e+02 -2.26506271e+02 ...  1.97346997e-03
  3.25520826e-03  1.35294599e-02]
linde_pe.png,linde.pe,[ 2.69028101e+03 -2.41945381e+01 -2.19635590e+02 ...  2.54313159e-03
  2.56347656e-03  2.06298828e-02]
linexaus_com_au.png,linexaus.com.au,[ 5.69931250e+03 -1.52866688e+01  1.10319934e+03 ...  3.01106763e-03
  2.78727221e-03  6.44327775e-02]
linexcoloradosprings_com.png,linexcoloradosprings.com,[ 7.30959326e+03 -2.21374603e+02  3.48397583e+02 ...  9.35872376e-04
  1.46484375e-03  2.88370758e-01]
manpowergroup_no.png,manpowergroup.no,[5.89681201e+03 4.45517670e+02 4.45364532e+02 ... 1.26139319e-03
 1.62760413e-03 1.64571121e-01]
mapfre_pr.png,mapfre.pr,[ 6.19340576e+03 -1.70370436e+00  2.76424500e+02 ...  1.99381518e-03
  2.90934253e-03  2.02697754e-01]
mateco_nl.ico,mateco.nl,[6.45784326e+03 9.47461395e+01 3.75854218e+02 ... 4.47591156e-04
 1.13932288e-03 2.29695633e-01]
mazda-angola-autozuid_com.png,mazda-angola-autozuid.com,[ 5.94737402e+03 -5.70173025e-01 -2.73710571e+02 ...  3.64176440e-03
  4.06901026e-03  1.97774246e-01]
mazda-autohaus-albstadt-auto-domicil-ebingen_de.png,mazda-autohaus-albstadt-auto-domicil-ebingen.de,[ 6.86112451e+03  7.22418671e+01 -1.85390289e+02 ...  4.37418604e-03
  5.08626318e-03  2.17366531e-01]
mazda-autohaus-banaszak-kleve_de.png,mazda-autohaus-banaszak-kleve.de,[ 6.86112451e+03  7.22418671e+01 -1.85390289e+02 ...  4.37418604e-03
  5.08626318e-03  2.17366531e-01]
mazda-autohaus-becker-homburg-bruchhof_de.png,mazda-autohaus-becker-homburg-bruchhof.de,[ 6.86112451e+03  7.22418671e+01 -1.85390289e+02 ...  4.37418604e-03
  5.08626318e-03  2.17366531e-01]
mazda-autohaus-blank-dinkelsbuehl_de.png,mazda-autohaus-blank-dinkelsbuehl.de,[ 6.86112451e+03  7.22418671e+01 -1.85390289e+02 ...  4.37418604e-03
  5.08626318e-03  2.17366531e-01]
mazda-autohaus-buelo-naumburg_de.png,mazda-autohaus-buelo-naumburg.de,[ 6.86112451e+03  7.22418671e+01 -1.85390289e+02 ...  4.37418604e-03
  5.08626318e-03  2.17366531e-01]
mazda-autohaus-doerenkaemper-bad-hersfeld_de.png,mazda-autohaus-doerenkaemper-bad-hersfeld.de,[ 6.86112451e+03  7.22418671e+01 -1.85390289e+02 ...  4.37418604e-03
  5.08626318e-03  2.17366531e-01]
mazda-autohaus-dorner-riedlingen_de.png,mazda-autohaus-dorner-riedlingen.de,[ 6.86112451e+03  7.22418671e+01 -1.85390289e+02 ...  4.37418604e-03
  5.08626318e-03  2.17366531e-01]
mazda-autohaus-elstner-jena_de.png,mazda-autohaus-elstner-jena.de,[ 6.86112451e+03  7.22418671e+01 -1.85390289e+02 ...  4.37418604e-03
  5.08626318e-03  2.17366531e-01]
mazda-autohaus-fenzl-hauzenberg_de.png,mazda-autohaus-fenzl-hauzenberg.de,[ 6.86112451e+03  7.22418671e+01 -1.85390289e+02 ...  4.37418604e-03
  5.08626318e-03  2.17366531e-01]
mazda-autohaus-fritsche-grossschoenau_de.png,mazda-autohaus-fritsche-grossschoenau.de,[ 6.86112451e+03  7.22418671e+01 -1.85390289e+02 ...  4.37418604e-03
  5.08626318e-03  2.17366531e-01]
mazda-autohaus-haese-erkrath-hochdahl_de.png,mazda-autohaus-haese-erkrath-hochdahl.de,[ 6.86112451e+03  7.22418671e+01 -1.85390289e+02 ...  4.37418604e-03
  5.08626318e-03  2.17366531e-01]
mazda-autohaus-hansmann-kassel_de.png,mazda-autohaus-hansmann-kassel.de,[ 6.86112451e+03  7.22418671e+01 -1.85390289e+02 ...  4.37418604e-03
  5.08626318e-03  2.17366531e-01]
mazda-autohaus-hellwig-hoyerswerda_de.png,mazda-autohaus-hellwig-hoyerswerda.de,[ 6.86112451e+03  7.22418671e+01 -1.85390289e+02 ...  4.37418604e-03
  5.08626318e-03  2.17366531e-01]
mazda-autohaus-henseler-schwedt_de.png,mazda-autohaus-henseler-schwedt.de,[ 6.86112451e+03  7.22418671e+01 -1.85390289e+02 ...  4.37418604e-03
  5.08626318e-03  2.17366531e-01]
mazda-autohaus-kaschmieder-waren_de.png,mazda-autohaus-kaschmieder-waren.de,[ 6.86112451e+03  7.22418671e+01 -1.85390289e+02 ...  4.37418604e-03
  5.08626318e-03  2.17366531e-01]
mazda-autohaus-kilger-regen_de.png,mazda-autohaus-kilger-regen.de,[ 6.86112451e+03  7.22418671e+01 -1.85390289e+02 ...  4.37418604e-03
  5.08626318e-03  2.17366531e-01]
mazda-autohaus-lackmann-sendenhorst_de.png,mazda-autohaus-lackmann-sendenhorst.de,[ 6.86112451e+03  7.22418671e+01 -1.85390289e+02 ...  4.37418604e-03
  5.08626318e-03  2.17366531e-01]
mazda-autohaus-lotspeich-muenchen_de.png,mazda-autohaus-lotspeich-muenchen.de,[ 6.86112451e+03  7.22418671e+01 -1.85390289e+02 ...  4.37418604e-03
  5.08626318e-03  2.17366531e-01]
mazda-autohaus-ludwig-halle-neustadt_de.png,mazda-autohaus-ludwig-halle-neustadt.de,[ 6.86112451e+03  7.22418671e+01 -1.85390289e+02 ...  4.37418604e-03
  5.08626318e-03  2.17366531e-01]
mazda-autohaus-mueller-und-thurnes-tholey_de.png,mazda-autohaus-mueller-und-thurnes-tholey.de,[ 6.86112451e+03  7.22418671e+01 -1.85390289e+02 ...  4.37418604e-03
  5.08626318e-03  2.17366531e-01]
mazda-autohaus-roessel-birkenau_de.png,mazda-autohaus-roessel-birkenau.de,[ 6.86112451e+03  7.22418671e+01 -1.85390289e+02 ...  4.37418604e-03
  5.08626318e-03  2.17366531e-01]
mazda-autohaus-schindlbeck-straubing_de.png,mazda-autohaus-schindlbeck-straubing.de,[ 6.86112451e+03  7.22418671e+01 -1.85390289e+02 ...  4.37418604e-03
  5.08626318e-03  2.17366531e-01]
mazda-autohaus-sturne-grimma_de.png,mazda-autohaus-sturne-grimma.de,[ 6.86112451e+03  7.22418671e+01 -1.85390289e+02 ...  4.37418604e-03
  5.08626318e-03  2.17366531e-01]
mazda-autohaus-sturne-rochlitz_de.png,mazda-autohaus-sturne-rochlitz.de,[ 6.86112451e+03  7.22418671e+01 -1.85390289e+02 ...  4.37418604e-03
  5.08626318e-03  2.17366531e-01]
mazda-autohaus-tabbouch-speyer_de.png,mazda-autohaus-tabbouch-speyer.de,[ 6.86112451e+03  7.22418671e+01 -1.85390289e+02 ...  4.37418604e-03
  5.08626318e-03  2.17366531e-01]
mazda-autohaus-thoss-falkenstein_de.png,mazda-autohaus-thoss-falkenstein.de,[ 6.86112451e+03  7.22418671e+01 -1.85390289e+02 ...  4.37418604e-03
  5.08626318e-03  2.17366531e-01]
mazda-autohaus-wassing-ahaus-wuellen_de.png,mazda-autohaus-wassing-ahaus-wuellen.de,[ 6.86112451e+03  7.22418671e+01 -1.85390289e+02 ...  4.37418604e-03
  5.08626318e-03  2.17366531e-01]
mazda-krakow-kazokuluzar_pl.png,mazda-krakow-kazokuluzar.pl,[7.41059375e+03 5.35910378e+01 3.41146210e+02 ... 3.25520826e-03
 4.76074219e-03 2.61393219e-01]
mazda-ma_com.ico,mazda-ma.com,[ 6.82896875e+03  1.49417633e+02 -1.72794342e+02 ...  6.63248682e-03
  1.01114912e-02  1.98201492e-01]
mazda-poznan-voyager_pl.png,mazda-poznan-voyager.pl,[7.41059375e+03 5.35910378e+01 3.41146210e+02 ... 3.25520826e-03
 4.76074219e-03 2.61393219e-01]
mazda-rzeszow-czach_pl.png,mazda-rzeszow-czach.pl,[7.41059375e+03 5.35910378e+01 3.41146210e+02 ... 3.25520826e-03
 4.76074219e-03 2.61393219e-01]
mazda-service-koch-ludwigsfelde_de.png,mazda-service-koch-ludwigsfelde.de,[ 6.86112451e+03  7.22418671e+01 -1.85390289e+02 ...  4.37418604e-03
  5.08626318e-03  2.17366531e-01]
mazda-sosnowiec-mirai_pl.png,mazda-sosnowiec-mirai.pl,[7.41059375e+03 5.35910378e+01 3.41146210e+02 ... 3.25520826e-03
 4.76074219e-03 2.61393219e-01]
mazdabali_co_id.png,mazdabali.co.id,[ 6.77996875e+03  1.26411686e+01 -3.50511078e+02 ...  6.02213526e-03
  3.56038404e-03  2.19299316e-01]
mazda_de.png,mazda.de,[ 6.94956250e+03  1.02503876e+02 -4.09603767e+01 ...  9.05354787e-03
  9.17561818e-03  2.05281571e-01]
mazda_fi.ico,mazda.fi,[ 5.81125049e+03 -1.49428296e+00 -2.66049255e+02 ...  9.31803416e-03
  1.16373701e-02  1.29150391e-01]
mcdonalds_co_za.ico,mcdonalds.co.za,[ 7.78159375e+03 -4.00826683e+01  1.26158478e+02 ...  3.21451831e-03
  4.39453125e-03  2.46948242e-01]
mcdonalds_md.png,mcdonalds.md,[ 7.72546826e+03 -4.75030136e+01  9.65877457e+01 ...  9.15527344e-04
  1.38346350e-03  2.57222503e-01]
medef-artois_fr.png,medef-artois.fr,[ 5.66209375e+03 -5.34260620e+02  1.22622452e+01 ...  3.92659521e-03
  6.16455078e-03  1.66707352e-01]
medef-bearnetsoule_com.png,medef-bearnetsoule.com,[ 5.66209375e+03 -5.34260620e+02  1.22622452e+01 ...  3.92659521e-03
  6.16455078e-03  1.66707352e-01]
medef-corse_com.png,medef-corse.com,[ 5.66209375e+03 -5.34260620e+02  1.22622452e+01 ...  3.92659521e-03
  6.16455078e-03  1.66707352e-01]
medef-sarthe_fr.png,medef-sarthe.fr,[ 5.66209375e+03 -5.34260620e+02  1.22622452e+01 ...  3.92659521e-03
  6.16455078e-03  1.66707352e-01]
meggle-bakery_com.png,meggle-bakery.com,[ 5.36290576e+03 -3.24942827e+00  7.80930786e+02 ...  3.27555346e-03
  1.08642578e-02  1.61193848e-01]
meggle_co_jp.png,meggle.co.jp,[ 5.36290576e+03 -3.24942827e+00  7.80930786e+02 ...  3.27555346e-03
  1.08642578e-02  1.61193848e-01]
menicon_de.ico,menicon.de,[ 5.03918750e+03 -3.16330528e+01  8.48626465e+02 ...  5.20833349e-03
  9.72493459e-03  7.86946639e-02]
menschenfuermenschen_at.png,menschenfuermenschen.at,[ 3.92253125e+03 -2.24955902e+01  6.24112129e+01 ...  0.00000000e+00
  2.70446777e-01  6.28865585e-02]
mercyships_dk.png,mercyships.dk,[ 6.21406250e+03  1.94881790e+02 -4.75889511e+01 ...  1.46484375e-03
  1.70898438e-03  2.32991531e-01]
mercyships_se.png,mercyships.se,[ 6.23284375e+03  1.93445953e+02 -4.91344109e+01 ...  1.85139978e-03
  3.70279956e-03  2.27823898e-01]
metlife_co_kr.ico,metlife.co.kr,[ 4.95871875e+03 -8.03776306e+02  1.13907761e+02 ...  2.40071607e-03
  3.51969409e-03  5.04760742e-02]
misterwhat_nl.png,misterwhat.nl,[7.35675000e+03 1.74178284e+02 2.53321320e+02 ... 2.17692065e-03
 3.66210938e-03 2.50203460e-01]
misterwhat_pl.png,misterwhat.pl,[7.35675000e+03 1.74178284e+02 2.53321320e+02 ... 2.17692065e-03
 3.66210938e-03 2.50203460e-01]
misterwhat_pt.png,misterwhat.pt,[7.35675000e+03 1.74178284e+02 2.53321320e+02 ... 2.17692065e-03
 3.66210938e-03 2.50203460e-01]
mitsubishi-motors_com_om.svg,mitsubishi-motors.com.om,[ 7.60646924e+03 -4.76568842e+00  5.62164062e+02 ...  5.28971374e-04
  2.46175122e-03  2.93884277e-01]
mitsubishielectric_cz.png,mitsubishielectric.cz,[7.59596875e+03 3.98333054e+01 1.97511368e+02 ... 1.56656897e-03
 2.46175122e-03 2.88126618e-01]
modshair-bielefeld_de.png,modshair-bielefeld.de,[6.11268750e+03 1.51030960e+02 2.11375830e+03 ... 3.45865876e-04
 4.06901032e-04 1.99625656e-01]
modshair-nuernberg_de.png,modshair-nuernberg.de,[6.08353076e+03 1.11423752e+02 2.13730811e+03 ... 8.34147155e-04
 1.22070312e-03 1.93033859e-01]
moog_co_uk.ico,moog.co.uk,[ 2.80071851e+03 -3.65059328e+00 -9.65354443e+00 ...  9.56217467e-04
  2.05485034e-03  2.63875332e-02]
murrelektronik_be.png,murrelektronik.be,[ 4.33737500e+03  1.22903032e+01 -6.16330566e+02 ...  1.56656897e-03
  1.95312500e-03  7.52156600e-02]
murrelektronik_hu.png,murrelektronik.hu,[ 4.33737500e+03  1.22903032e+01 -6.16330566e+02 ...  1.56656897e-03
  1.95312500e-03  7.52156600e-02]
murrelektronik_sk.png,murrelektronik.sk,[ 4.33737500e+03  1.22903032e+01 -6.16330566e+02 ...  1.56656897e-03
  1.95312500e-03  7.52156600e-02]
myron_ca.png,myron.ca,[ 5.66990576e+03  1.42961082e+01 -3.94657410e+02 ...  5.55419922e-03
  7.42594386e-03  1.15478516e-01]
narscosmetics_es.ico,narscosmetics.es,[ 1.24912500e+03 -1.20928772e+02  2.04703842e+02 ...  1.03759766e-03
  6.30696595e-04  1.11897790e-03]
nestle_bg.ico,nestle.bg,[ 7.25071826e+03 -3.95892601e+01  4.55602905e+02 ...  7.22249364e-03
  9.90804005e-03  1.96105957e-01]
nestle_ch.ico,nestle.ch,[ 7.25071826e+03 -3.95892601e+01  4.55602905e+02 ...  7.22249364e-03
  9.90804005e-03  1.96105957e-01]
nestle_com_vn.ico,nestle.com.vn,[ 7.25071826e+03 -3.95892601e+01  4.55602905e+02 ...  7.22249364e-03
  9.90804005e-03  1.96105957e-01]
nestle_mk.ico,nestle.mk,[ 7.25071826e+03 -3.95892601e+01  4.55602905e+02 ...  7.22249364e-03
  9.90804005e-03  1.96105957e-01]
nobleprog_co_th.png,nobleprog.co.th,[ 6.68662451e+03 -5.15198517e+01  1.06299048e+03 ...  4.10970068e-03
  6.65283203e-03  2.25280762e-01]
nobleprog_mx.png,nobleprog.mx,[ 6.68662451e+03 -5.15198517e+01  1.06299048e+03 ...  4.10970068e-03
  6.65283203e-03  2.25280762e-01]
noiseassessments_org.png,noiseassessments.org,[ 6.31925000e+03 -2.05655022e+01  1.76622665e+02 ...  1.98567715e-02
  1.96940098e-02  1.06424965e-01]
nordicpharma_pt.png,nordicpharma.pt,[4.51800000e+03 0.00000000e+00 2.39568140e+03 ... 5.20833349e-03
 0.00000000e+00 1.14583336e-01]
nutriciababy_be.ico,nutriciababy.be,[ 7.41334326e+03 -2.30495544e+02  2.80373413e+02 ...  1.02132158e-02
  1.20442705e-02  2.49206543e-01]
nutricia_nl.ico,nutricia.nl,[ 7.64721875e+03 -5.03801819e+02 -2.81732056e+02 ...  3.47900391e-03
  5.41178370e-03  2.85949707e-01]
oil-testing_de.png,oil-testing.de,[ 7.02618701e+03 -7.91125774e-01  8.82847168e+02 ...  8.87044240e-03
  9.46044922e-03  1.63391113e-01]
orange_sn.ico,orange.sn,[ 4.67581201e+03 -5.36418629e+00 -3.08934135e+01 ...  2.23795581e-03
  1.56656897e-03  7.60904932e-03]
pearsonclinical_ca.ico,pearsonclinical.ca,[ 4.95150000e+03 -1.78178772e+02  4.44664032e+02 ...  2.11588549e-03
  3.43831372e-03  1.08784996e-01]
pearsonclinical_co_uk.ico,pearsonclinical.co.uk,[ 4.95150000e+03 -1.78178772e+02  4.44664032e+02 ...  2.11588549e-03
  3.43831372e-03  1.08784996e-01]
pefc_fi.ico,pefc.fi,[ 7.30906250e+03 -8.49076233e+01  4.94538086e+02 ...  1.43229170e-02
  1.73339844e-02  1.10921226e-01]
peugeot_sk.ico,peugeot.sk,[4.93334375e+03 8.80131721e-01 1.95855713e+03 ... 3.92659521e-03
 2.52278638e-03 1.54724121e-01]
pirtek_be.png,pirtek.be,[ 5.61959375e+03 -3.88993919e-01 -8.49594574e+01 ...  6.87662745e-03
  8.50423146e-03  1.19791664e-01]
pkf_co_in.png,pkf.co.in,[ 5.16637500e+03 -8.10950439e+02  9.28446960e+02 ...  1.01928711e-02
  1.13118486e-02  6.71386719e-02]
plameco-hannover_de.png,plameco-hannover.de,[ 2.96103101e+03  4.71046543e+00 -4.83295990e+02 ...  6.71386719e-03
  6.22558594e-03  3.19620781e-02]
plameco_nl.ico,plameco.nl,[ 2.66268750e+03  8.22441254e+01 -9.58816406e+02 ...  1.99381518e-03
  5.75764989e-03  7.83284530e-02]
propertyfinder_com.ico,propertyfinder.com,[ 7.03078076e+03 -6.65066528e+01  9.44461243e+02 ...  2.84830737e-03
  3.37727857e-03  2.20031738e-01]
rationalstock_es.png,rationalstock.es,[ 5.34309326e+03 -4.26651463e-02  3.87709778e+02 ...  1.13728838e-02
  1.34073896e-02  8.22143555e-02]
reedglobal_hu.png,reedglobal.hu,[ 1.54859387e+03  4.05856438e+01 -8.74090698e+02 ...  3.25520843e-04
  5.08626283e-04  3.22062187e-02]
reedglobal_pl.png,reedglobal.pl,[ 1.54859387e+03  4.05856438e+01 -8.74090698e+02 ...  3.25520843e-04
  5.08626283e-04  3.22062187e-02]
renaultsanzhispano_es.png,renaultsanzhispano.es,[ 1.26668738e+03 -4.56035843e+01 -1.16075208e+03 ...  3.78417969e-03
  5.08626283e-04  2.23795578e-04]
renaulttersa_com_mx.png,renaulttersa.com.mx,[ 1.49521875e+03  5.39753342e+00 -1.27176831e+03 ...  1.13932288e-03
  1.77001953e-03  4.84008789e-02]
repsol_in_ua.png,repsol.in.ua,[ 7.02996826e+03 -4.20982208e+01  6.24458435e+02 ...  7.36490870e-03
  8.91113281e-03  1.67622879e-01]
rheine_schule.jpg,rheine.schule,[7.74921826e+03 2.16986969e+02 4.51443291e+00 ... 6.93766261e-03
 1.93888340e-02 2.53601074e-01]
rockvalleyculligan_com.ico,rockvalleyculligan.com,[4.89543750e+03 2.59206123e+01 5.25687927e+02 ... 0.00000000e+00
 0.00000000e+00 3.33333343e-01]
rotary-bulgaria_org.png,rotary-bulgaria.org,[ 6.14131201e+03 -2.03646641e+01  6.73160034e+02 ...  2.24202480e-02
  2.12809239e-02  1.20442711e-01]
rotaryclubofessex_com.png,rotaryclubofessex.com,[ 6.69856201e+03 -2.25944138e+00  4.09968628e+02 ...  8.07698537e-03
  9.88769531e-03  9.58455428e-02]
rsmpoland_pl.ico,rsmpoland.pl,[4.06353125e+03 2.79367676e+02 2.57362862e+01 ... 3.13313794e-03
 7.28352880e-03 5.20833349e-03]
rsmthailand_com.png,rsmthailand.com,[4.06724976e+03 2.82253723e+02 2.42857819e+01 ... 2.95003247e-03
 4.86246729e-03 0.00000000e+00]
rubiomonocoat_com_au.png,rubiomonocoat.com.au,[ 6.87790625e+03 -1.57072449e+01  9.02950745e+01 ...  5.24902344e-03
  6.10351562e-03  2.24202469e-01]
rutscherlebnis_at.png,rutscherlebnis.at,[5.18793750e+03 2.14170166e+02 3.69814491e+01 ... 8.66699219e-03
 1.07014971e-02 1.04431152e-01]
santillana_com_hn.webp,santillana.com.hn,[ 6.15009375e+03 -9.13508484e+02  5.33248169e+02 ...  2.07519531e-03
  3.15348315e-03  1.69677734e-01]
santillana_com_uy.webp,santillana.com.uy,[ 6.15303125e+03 -9.14762939e+02  5.36638672e+02 ...  5.22867823e-03
  7.32421875e-03  1.44673660e-01]
savethechildren_ca.png,savethechildren.ca,[6.14146826e+03 6.01407280e+01 1.49822998e+03 ... 2.78727221e-03
 3.15348315e-03 1.97652176e-01]
savethechildren_it.ico,savethechildren.it,[5.77375000e+03 1.49450836e+02 1.37497827e+03 ... 4.41487646e-03
 5.71695948e-03 1.34460449e-01]
savethechildren_mx.png,savethechildren.mx,[ 6.77271826e+03 -2.81059132e+01  8.74372192e+02 ...  7.99560547e-03
  1.00097656e-02  1.82881668e-01]
scte-prod_herokuapp_com.png,scte-prod.herokuapp.com,[ 7.82253076e+03 -1.31211529e+01  3.58599396e+01 ...  1.50553382e-03
  1.56656897e-03  3.07739258e-01]
seasonsrehab_in.png,seasonsrehab.in,[7.45259326e+03 1.58923279e+02 3.51945221e+02 ... 3.66210938e-03
 5.41178370e-03 2.27844238e-01]
secureparkinghi_com.png,secureparkinghi.com,[4216.03125      -7.81942081 -542.91900635 ...    0.            0.
    0.        ]
secureparking_co_id.png,secureparking.co.id,[4365.56201172   13.02461433 -763.7467041  ...    0.            0.
    0.        ]
servier_com_ar.png,servier.com.ar,[ 2.31428125e+03 -1.76141148e+01 -3.09084290e+02 ...  2.46175122e-03
  2.27864576e-03  2.14029942e-02]
servier_co_uk.png,servier.co.uk,[ 2.31428125e+03 -1.76141148e+01 -3.09084290e+02 ...  2.46175122e-03
  2.27864576e-03  2.14029942e-02]
shimadzu-la_com.svg,shimadzu-la.com,[5.97528125e+03 4.62588997e+01 6.91728516e+01 ... 5.22867823e-03
 8.80940724e-03 1.77164719e-01]
sitechnorthwest_com.png,sitechnorthwest.com,[6.05809375e+03 2.70872765e+01 1.29080615e+03 ... 1.01521807e-02
 1.16780596e-02 1.17614746e-01]
spie_lu.png,spie.lu,[7.10456250e+03 1.21714081e+02 3.39156860e+02 ... 1.74967444e-03
 1.54622400e-03 2.74108887e-01]
spitex-oberfreiamt_ch.ico,spitex-oberfreiamt.ch,[5.76531201e+03 3.37921143e+01 1.11850754e+02 ... 3.03141284e-03
 4.15039062e-03 1.73889160e-01]
spitex-oberthurgau_ch.ico,spitex-oberthurgau.ch,[5.76531201e+03 3.37921143e+01 1.11850754e+02 ... 3.03141284e-03
 4.15039062e-03 1.73889160e-01]
spitex-region-stockhorn_ch.ico,spitex-region-stockhorn.ch,[5.76531201e+03 3.37921143e+01 1.11850754e+02 ... 3.03141284e-03
 4.15039062e-03 1.73889160e-01]
spitex-regionbirs_ch.ico,spitex-regionbirs.ch,[5.76531201e+03 3.37921143e+01 1.11850754e+02 ... 3.03141284e-03
 4.15039062e-03 1.73889160e-01]
spitex-wasseramt_ch.ico,spitex-wasseramt.ch,[5.76531201e+03 3.37921143e+01 1.11850754e+02 ... 3.03141284e-03
 4.15039062e-03 1.73889160e-01]
spitex-wiggertal_ch.ico,spitex-wiggertal.ch,[5.76531201e+03 3.37921143e+01 1.11850754e+02 ... 3.03141284e-03
 4.15039062e-03 1.73889160e-01]
spitexaadorf_ch.ico,spitexaadorf.ch,[ 6.15975000e+03 -2.12974567e+01  3.88411011e+02 ...  8.95182311e-04
  1.18001306e-03  2.11914062e-01]
spitexgossau_ch.ico,spitexgossau.ch,[5.76531201e+03 3.37921143e+01 1.11850754e+02 ... 3.03141284e-03
 4.15039062e-03 1.73889160e-01]
spitexzug_ch.ico,spitexzug.ch,[5.76531201e+03 3.37921143e+01 1.11850754e+02 ... 3.03141284e-03
 4.15039062e-03 1.73889160e-01]
srpb2b_com.png,srpb2b.com,[ 6.87162500e+03 -7.80077591e+01  1.77555634e+02 ...  5.18798828e-03
  8.34147166e-03  2.18302414e-01]
stanbicbank_co_bw.ico,stanbicbank.co.bw,[ 6.51984326e+03 -1.39882603e+01  8.59617432e+02 ...  1.99381518e-03
  2.70589185e-03  2.43469238e-01]
stanbicbank_co_zw.ico,stanbicbank.co.zw,[ 6.51984326e+03 -1.39882603e+01  8.59617432e+02 ...  1.99381518e-03
  2.70589185e-03  2.43469238e-01]
starbucks_co_nz.ico,starbucks.co.nz,[ 5.60696875e+03 -3.73703241e-02  3.73974518e+02 ...  9.07389354e-03
  1.11490889e-02  1.24715172e-01]
statkraft_ie.png,statkraft.ie,[6.91556201e+03 9.75433960e+01 6.84912048e+02 ... 1.82291660e-02
 1.43432617e-02 2.03653976e-01]
sto_hr.ico,sto.hr,[ 6.01709326e+03 -4.27200623e+01  7.58340271e+02 ...  2.31933594e-03
  2.97037768e-03  9.46858749e-02]
strabag-pfs_com.png,strabag-pfs.com,[ 6.58171826e+03 -1.13204660e+01  2.37996613e+02 ...  2.15657544e-03
  3.88590503e-03  2.33093262e-01]
subaru-bd_com.jpg,subaru-bd.com,[ 6.95184375e+03 -8.02600403e+01  9.89125671e+02 ...  2.54313159e-03
  3.09244799e-03  2.47375488e-01]
svnefird_com.png,svnefird.com,[3.80337476e+03 8.15009308e+01 3.16749695e+02 ... 4.06901026e-03
 8.28043651e-03 8.66088867e-02]
svntrinity_com.png,svntrinity.com,[ 5.81074951e+03 -2.17087479e+02  1.42998767e+03 ...  2.36002612e-03
  1.89208984e-03  1.90368652e-01]
synlab_com_gh.ico,synlab.com.gh,[ 7.48834375e+03 -7.09140625e+01  3.51600647e+02 ...  8.30078125e-03
  1.03352861e-02  2.56591797e-01]
synlab_com_tr.ico,synlab.com.tr,[ 7.48834375e+03 -7.09140625e+01  3.51600647e+02 ...  8.30078125e-03
  1.03352861e-02  2.56591797e-01]
tbwa_co_za.png,tbwa.co.za,[6.23321777e+03 7.57669568e-01 9.32734192e+02 ... 7.32421875e-04
 1.87174475e-03 5.85123710e-02]
thebodyshop_si.png,thebodyshop.si,[ 6.48343701e+03 -9.13519096e+00 -7.32072998e+02 ...  4.06901026e-03
  4.61832667e-03  2.09960938e-01]
toupret_ch.ico,toupret.ch,[6.37156250e+03 8.99983978e+01 4.27869263e+02 ... 4.82177734e-03
 4.55729151e-03 2.14925125e-01]
toyota-bauer_at.png,toyota-bauer.at,[ 6.39734424e+03 -1.25077777e-02  3.62635956e+02 ...  1.54622400e-03
  2.29899096e-03  2.35127762e-01]
toyota-buchreiter-eisenstadt_at.png,toyota-buchreiter-eisenstadt.at,[ 6.39734424e+03 -1.25077777e-02  3.62635956e+02 ...  1.54622400e-03
  2.29899096e-03  2.35127762e-01]
toyotaaktoy_com_tr.png,toyotaaktoy.com.tr,[6.98068701e+03 4.12105992e-02 5.47705933e+02 ... 1.22070312e-03
 1.66829431e-03 2.74698883e-01]
toyotabacau_ro.png,toyotabacau.ro,[6.98053125e+03 9.26375628e-01 5.59695679e+02 ... 5.65592432e-03
 8.99251271e-03 2.34415695e-01]
toyotafocsani_ro.png,toyotafocsani.ro,[6.98053125e+03 9.26375628e-01 5.59695679e+02 ... 5.65592432e-03
 8.99251271e-03 2.34415695e-01]
toyotagocmenturk_com_tr.png,toyotagocmenturk.com.tr,[6.98068701e+03 4.12105992e-02 5.47705933e+02 ... 1.22070312e-03
 1.66829431e-03 2.74698883e-01]
toyotanatas_com_tr.png,toyotanatas.com.tr,[6.98068701e+03 4.12105992e-02 5.47705933e+02 ... 1.22070312e-03
 1.66829431e-03 2.74698883e-01]
toyotasandikci_com_tr.png,toyotasandikci.com.tr,[6.98068701e+03 4.12105992e-02 5.47705933e+02 ... 1.22070312e-03
 1.66829431e-03 2.74698883e-01]
toysrus_com_my.png,toysrus.com.my,[ 5.11240625e+03 -6.33254204e+01  2.07931091e+02 ...  1.67643223e-02
  2.07926426e-02  1.06933594e-01]
toysrus_com_sg.png,toysrus.com.sg,[ 5.11240625e+03 -6.33254204e+01  2.07931091e+02 ...  1.67643223e-02
  2.07926426e-02  1.06933594e-01]
toysrus_fr.png,toysrus.fr,[6.27731201e+03 2.04483856e+02 4.88779175e+02 ... 2.66520190e-03
 3.49934888e-03 1.85587570e-01]
tupperware_co_kr.png,tupperware.co.kr,[6.61040576e+03 3.54662590e+01 1.37373462e+03 ... 2.03450513e-03
 3.80452466e-03 2.40214035e-01]
unicharm_com_br.png,unicharm.com.br,[ 6.93759277e+03 -3.14602280e+01  3.86332489e+02 ...  1.70898438e-03
  1.72932947e-03  2.19238281e-01]
urmet_com_br.png,urmet.com.br,[ 5.64424951e+03 -1.76537380e+01  6.60636963e+02 ...  7.73111999e-04
  2.23795581e-03  1.65568039e-01]
vbh_be.png,vbh.be,[ 4.07281201e+03 -2.30003262e+00 -1.92220062e+02 ...  2.21761060e-03
  7.52766908e-04  4.63663749e-02]
veka_pt.png,veka.pt,[6.46496875e+03 1.44389391e+01 1.20732666e+03 ... 1.24308271e-02
 1.55436201e-02 1.55069992e-01]
viacon_no.png,viacon.no,[ 6.77056250e+03 -3.67174759e+01  3.31596680e+02 ...  7.20214844e-03
  1.06404619e-02  1.73807785e-01]
vitalimages_com.ico,vitalimages.com,[7.71549951e+03 2.40102005e+01 9.65519104e+01 ... 3.86555999e-04
 7.73111999e-04 3.03853363e-01]
vkf-renzel_com_tr.png,vkf-renzel.com.tr,[ 7.21962500e+03 -2.93560047e+01  7.39225525e+02 ...  1.93277991e-03
  2.38037109e-03  2.61698395e-01]
vkf-renzel_ro.png,vkf-renzel.ro,[ 7.21962500e+03 -2.93560047e+01  7.39225525e+02 ...  1.93277991e-03
  2.38037109e-03  2.61698395e-01]
webster_nl.png,webster.nl,[ 6.92203125e+03 -8.85917740e+01  7.33914917e+02 ...  4.41487646e-03
  4.84212255e-03  2.45849609e-01]
williamblairfunds_com.png,williamblairfunds.com,[ 1.07643750e+03  1.48140839e+02 -5.31818726e+02 ...  2.01416016e-03
  2.78727221e-03  8.91113281e-03]
worldvision_bo.jpg,worldvision.bo,[ 4.57059375e+03 -8.22246552e-01 -1.94664337e+02 ...  2.64485687e-04
  4.27246094e-04  1.06201172e-02]
worldvision_org_nz.png,worldvision.org.nz,[ 4.61237500e+03  7.56946087e-01 -2.10047882e+02 ...  4.27246094e-04
  3.45865876e-04  1.11083984e-02]
worldvision_org_sv.jpg,worldvision.org.sv,[ 4.57059375e+03 -8.22246552e-01 -1.94664337e+02 ...  2.64485687e-04
  4.27246094e-04  1.06201172e-02]
wuerth_com_hr.ico,wuerth.com.hr,[ 5.24537451e+03 -1.70672727e+00  1.15558838e+03 ...  5.39143896e-03
  9.50113963e-03  1.23799644e-01]
wurth-international_com.png,wurth-international.com,[ 6.15184326e+03 -1.19687138e+01  1.27890747e+03 ...  7.83284474e-03
  9.96907521e-03  1.61315918e-01]
wurth-international_com_cn.png,wurth-international.com.cn,[ 6.15184326e+03 -1.19687138e+01  1.27890747e+03 ...  7.83284474e-03
  9.96907521e-03  1.61315918e-01]
wurthsaudi_com.png,wurthsaudi.com,[5.91240576e+03 5.80504608e+00 1.30518945e+03 ... 6.12386083e-03
 4.45556641e-03 1.80887863e-01]
wurth_co.png,wurth.co,[ 6.07343750e+03 -3.26333463e-01  1.27445190e+03 ...  2.31933594e-03
  1.46484375e-03  1.95841476e-01]
wurth_com_uy.png,wurth.com.uy,[4.98478076e+03 1.03706589e+01 1.04695166e+03 ... 1.14542646e-02
 1.08846026e-02 7.78605118e-02]
wurth_fi.png,wurth.fi,[ 6.15184326e+03 -1.19687138e+01  1.27890747e+03 ...  7.83284474e-03
  9.96907521e-03  1.61315918e-01]
wurth_ua.png,wurth.ua,[4.95450000e+03 9.45209789e+00 1.07435974e+03 ... 7.05973292e-03
 4.61832667e-03 1.24552406e-01]
wwf_no.ico,wwf.no,[ 5.29837500e+03 -7.11794281e+01  6.89782349e+02 ...  1.07014971e-02
  1.23291016e-02  8.45540389e-02]
ymca-cnw_org.png,ymca-cnw.org,[6.88996826e+03 2.12311981e+02 6.85202515e+02 ... 2.47599278e-02
 1.61946621e-02 1.87052414e-01]
ymcasteuben_org.png,ymcasteuben.org,[7.06221826e+03 2.11267319e+02 8.72317383e+02 ... 1.38956709e-02
 1.37939453e-02 2.36185715e-01]
yonyou_com_hk.png,yonyou.com.hk,[6.47543750e+03 2.21411362e+01 8.07361450e+01 ... 7.01904297e-03
 8.93147755e-03 1.60868332e-01]
yves-rocher_pt.ico,yves-rocher.pt,[ 3.58768750e+03  2.73483067e+01 -1.09635352e+03 ...  6.44938136e-03
  8.99251271e-03  4.61018868e-02]
zktecoma_com.png,zktecoma.com,[ 7.66834375e+03 -2.32912155e+02 -7.95901537e-01 ...  5.14729833e-03
  7.91422557e-03  2.49898270e-01]
zkteco_vn.png,zkteco.vn,[ 7.81415527e+03 -1.27586197e+02  9.70307312e+01 ...  4.88281250e-04
  7.73111999e-04  3.03019196e-01]
